guide_id,family
ABT1_target_version_1.0_spacer_number_2_spacer_target_ENSG00000146109_TCCATGTTGACTGACACGAG,A
ABT1_target_version_2.0_spacer_number_2_spacer_target_ENSG00000146109_CAACATGGAGGCAGAGGAAT,A
ABT1_target_version_1.1_spacer_number_2_spacer_target_ONE_INTERGENIC_SITE_GATGTTACTCACAACCAACC,A
AKT2_target_version_1.0_spacer_number_1_spacer_target_ENSG00000105221_CGTTGGGCCTGCCTCGGAGG,A
AKT2_target_version_2.0_spacer_number_1_spacer_target_ENSG00000105221_CGGCGGCGACGCCTCCTCCG,A
BMS1_target_version_1.0_spacer_number_2_spacer_target_ENSG00000165733_CATGCTGACCTGAGGAGTCG,A
BMS1_target_version_1.1_spacer_number_2_spacer_target_ONE_INTERGENIC_SITE_GAGCCTACACACCTGAGCAT,A
INTERGENIC_CONTROL_target_version_7.0_spacer_number_1_spacer_target__INTERGENIC_CONTROL_TAAATACGGTCGTTAATCCC,A
INTERGENIC_CONTROL_target_version_9.0_spacer_number_1_spacer_target__INTERGENIC_CONTROL_TAAGGACAGGCGTATAACGA,A
CDH1_1_TGAACCACCAGGGTATACGT,B
CDH1_2_GCAATGCGTTCTCTATCCAG,B
SNAI2_5_CAGATTCCTCATGTTTGTGC,B
ZEB1_4_AAATTCAAATGCACTGAGTG,B
NTC_10_ACGTTGACCATGCTAAGGCA,B
NTC_11_TTGACCAGGCATTAAGCCTG,B
CD55_singleguide,C
TGFBR2_1_GCGAGGCGGCGGGTCTCCAG,C
NTC_3_GCATTAACGGTCCAAGTTGC,C
ITGAV_1_CCAGGTGGTGACTTAGCCAT,D
NTC_5_TTAGCCGATTGCAAGTCCAG,D
