guide_id,family,parse_target_from,target_gene,target_ensg,role,control_of,short_label
ABT1_target_version_1.0_spacer_number_2_spacer_target_ENSG00000146109_TCCATGTTGACTGACACGAG,A,second,ABT1,ENSG00000146109,targeting,,
ABT1_target_version_2.0_spacer_number_2_spacer_target_ENSG00000146109_CAACATGGAGGCAGAGGAAT,A,second,ABT1,ENSG00000146109,targeting,,
ABT1_target_version_1.1_spacer_number_2_spacer_target_ONE_INTERGENIC_SITE_GATGTTACTCACAACCAACC,A,second,NTC,,matched_control,ABT1,
AKT2_target_version_1.0_spacer_number_1_spacer_target_ENSG00000105221_CGTTGGGCCTGCCTCGGAGG,A,second,AKT2,ENSG00000105221,targeting,,
AKT2_target_version_2.0_spacer_number_1_spacer_target_ENSG00000105221_CGGCGGCGACGCCTCCTCCG,A,second,AKT2,ENSG00000105221,targeting,,
AKT2_target_version_3.0_spacer_number_1_spacer_target_ENSG00000105221_CCCGGCAGCGGCAACGGCGC,A,second,AKT2,ENSG00000105221,targeting,,
AKT2_target_version_4.0_spacer_number_1_spacer_target_ENSG00000105221_GGCGCCGGCAGCGGCAGCGG,A,second,AKT2,ENSG00000105221,targeting,,
BMS1_target_version_1.0_spacer_number_2_spacer_target_ENSG00000165733_CATGCTGACCTGAGGAGTCG,A,second,BMS1,ENSG00000165733,targeting,,
BMS1_target_version_1.1_spacer_number_2_spacer_target_ONE_INTERGENIC_SITE_GAGCCTACACACCTGAGCAT,A,second,NTC,,matched_control,BMS1,
INTERGENIC_CONTROL_target_version_2.0_spacer_number_1_spacer_target__INTERGENIC_CONTROL_ACAATTACTCGGATACGCTC,A,second,NTC,,ntc,,
INTERGENIC_CONTROL_target_version_7.0_spacer_number_1_spacer_target__INTERGENIC_CONTROL_TAAATACGGTCGTTAATCCC,A,second,NTC,,ntc,,
INTERGENIC_CONTROL_target_version_9.0_spacer_number_1_spacer_target__INTERGENIC_CONTROL_TAAGGACAGGCGTATAACGA,A,second,NTC,,ntc,,
CDH1_1_TGAACCACCAGGGTATACGT,B,,CDH1,ENSG00000039068,targeting,,
CDH1_2_GCAATGCGTTCTCTATCCAG,B,,CDH1,ENSG00000039068,targeting,,
CDH1_3_AAGTCACGCTGAATACAGTG,B,,CDH1,ENSG00000039068,targeting,,
SNAI2_2_GCGCCCTGAAGATGCATATT,B,,SNAI2,ENSG00000019549,targeting,,
SNAI2_5_CAGATTCCTCATGTTTGTGC,B,,SNAI2,ENSG00000019549,targeting,,
SNAI2_6_GCAAATGCTCTGTTGCAGTG,B,,SNAI2,ENSG00000019549,targeting,,
ZEB1_4_AAATTCAAATGCACTGAGTG,B,,ZEB1,ENSG00000148516,targeting,,
NTC_10_ACGTTGACCATGCTAAGGCA,B,,NTC,,ntc,,
NTC_11_TTGACCAGGCATTAAGCCTG,B,,NTC,,ntc,,
ONE_INTERGENIC_SITE_target_version_13.0_spacer_number_2_spacer_target_ONE_INTERGENIC_SITE_ACCCAGGATTGTATAACCAT,C,second,NTC,,ntc,,
CD55_singleguide,C,,CD55,ENSG00000196352,targeting,,CD55_sg
TGFBR2_1_GCGAGGCGGCGGGTCTCCAG,C,,TGFBR2,ENSG00000163513,targeting,,
TGFBR2_2_CGGCCGCCGCACGCGGACAG,C,,TGFBR2,ENSG00000163513,targeting,,
NTC_3_GCATTAACGGTCCAAGTTGC,C,,NTC,,ntc,,
NTC_4_ATCCGGTTACAGCCTAAGTG,C,,NTC,,ntc,,
ITGAV_1_CCAGGTGGTGACTTAGCCAT,D,,ITGAV,ENSG00000138448,targeting,,
ITGAV_2_TGCAAGGTCCTAAGCTGATC,D,,ITGAV,ENSG00000138448,targeting,,
NTC_5_TTAGCCGATTGCAAGTCCAG,D,,NTC,,ntc,,
NTC_12_GGTTACCAAGTCCTGATACG,D,,NTC,,ntc,,
SOX9_1_GCTTAGCCAGTTACGGATCC,E,,SOX9,ENSG00000125398,targeting,,
NTC_20_CCAGTTACGGATCCGCTTAG,E,,NTC,,ntc,,
